Line_ID,Genotype,SW5,SW35,Decrease
Line_A_1,A,54.44,42.3023,12.1377
Line_A_2,A,35.3809,36.5784,-1.1975
Line_A_3,A,41.6102,38.8993,2.71090000000001
Line_A_4,A,41.0021,49.0419,-8.0398
Line_A_5,A,39.6979,44.8805,-5.18260000000001
Line_A_6,A,66.8275,56.8725,9.955
Line_A_7,A,37.752,37.565,0.186999999999998
Line_A_8,A,73.3975,53.7466,19.6509
Line_A_9,A,41.9692,27.0223,14.9469
Line_A_10,A,46.3796,56.7454,-10.3658
Line_A_11,A,60.4847,59.177,1.3077
Line_A_12,A,39.9466,34.8106,5.136
Line_A_13,A,63.018,61.0358,1.9822
Line_A_14,A,24.5917,28.0815,-3.4898
Line_A_15,A,41.7353,41.9111,-0.175800000000002
Line_A_16,A,44.0535,43.0711,0.982400000000013
Line_A_17,A,60.5902,57.9579,2.6323
Line_A_18,A,26.8704,31.2785,-4.4081
Line_A_19,A,47.1245,37.0167,10.1078
Line_A_20,A,60.7929,62.0865,-1.29359999999999
Line_A_21,A,33.4028,28.9762,4.4266
Line_A_22,A,21.2721,25.6405,-4.3684
Line_A_23,A,53.5031,41.8775,11.6256
Line_A_24,A,82.9888,89.2286,-6.2398
Line_B_1,B,32.8728,27.8028,5.07
Line_B_2,B,34.8708,32.2757,2.5951
Line_B_3,B,48.0667,28.324,19.7427
Line_B_4,B,56.05,40.6836,15.3664
Line_B_5,B,97.8229,68.5401,29.2828
Line_B_6,B,36.7625,25.2697,11.4928
Line_B_7,B,44.282,28.6281,15.6539
Line_B_8,B,66.192,72.7995,-6.6075
Line_B_9,B,52.0695,37.1539,14.9156
Line_B_10,B,51.1487,40.406,10.7427
Line_B_11,B,49.4795,56.5467,-7.0672
Line_B_12,B,57.9178,40.4272,17.4906
Line_B_13,B,49.1289,46.591,2.5379
Line_B_14,B,76.7416,47.806,28.9356
Line_B_15,B,54.7924,44.3186,10.4738
Line_B_16,B,50.0175,42.3703,7.6472
Line_B_17,B,39.6831,36.4345,3.2486
Line_B_18,B,54.0026,38.8969,15.1057
Line_B_19,B,44.709,33.8271,10.8819
Line_B_20,B,47.9033,37.2781,10.6252
Line_B_21,B,45.2047,32.4899,12.7148
Line_B_22,B,52.6446,34.93,17.7146
Line_B_23,B,52.7563,37.8976,14.8587
Line_B_24,B,38.5873,26.4172,12.1701
Line_B_25,B,49.6249,39.4968,10.1281
Line_B_26,B,69.7792,56.6487,13.1305
Line_B_27,B,39.9593,28.566,11.3933
Line_B_28,B,22.3196,25.4061,-3.0865
Line_B_29,B,69.0547,38.734,30.3207
Line_B_30,B,49.677,40.15,9.527
Line_B_31,B,55.9657,47.6262,8.3395
Line_B_32,B,43.7444,28.5822,15.1622
Line_B_33,B,51.1788,49.533,1.6458
Line_B_34,B,40.0857,24.2737,15.812
Line_B_35,B,39.624,31.6574,7.9666
Line_B_36,B,82.0185,57.3533,24.6652
Line_B_37,B,27.2387,25.957,1.2817
Line_B_38,B,43.8155,39.7068,4.1087
Line_B_39,B,58.6543,40.6092,18.0451
Line_B_40,B,65.3893,50.4398,14.9495
Line_B_41,B,55.3337,42.2657,13.068
Line_B_42,B,74.1468,48.2966,25.8502
Line_B_43,B,33.2954,30.2903,3.0051
Line_B_44,B,83.8177,63.045,20.7727
Line_B_45,B,72.5406,60.923,11.6176
Line_B_46,B,70.3853,56.6127,13.7726
Line_B_47,B,56.5147,46.1847,10.33
Line_B_48,B,57.2392,32.835,24.4042
Line_B_49,B,62.7152,59.3721,3.3431
Line_B_50,B,40.6769,38.5634,2.1135
Line_B_51,B,64.3332,54.0573,10.2759
Line_B_52,B,49.7063,31.6693,18.037
